<?xml version="1.0" encoding="UTF-8" ?>
<xml>
    <camera tipo='explorador'>
        <zoom raio='180' avanco='5'/>
        <centro x='61' />
        <vista latitude='1' longitude='0.15'/>
    </camera>
    <cena>
        <grupo>
            <translacao x='0' y='0' z='0'/> SOL
            <grupo>
                <escala x='14.34375' y='14.34375' z='14.34375'/>
                <modelo ficheiro='planeta.3d'/>
            </grupo>
        </grupo>
        <grupo>
            <translacao x='17.791' y='0' z='0'/> MERCURIO
            <grupo>
                <escala x='0.2439' y='0.2439' z='0.2439'/>
                <modelo ficheiro='planeta.3d'/>
            </grupo>
        </grupo>
        <grupo>
            <translacao x='22.820' y='0' z='0'/> VENUS
            <grupo>
                <escala x='0.6051' y='0.6051' z='0.6051'/>
                <modelo ficheiro='planeta.3d'/>
            </grupo>
        </grupo>
        <grupo>
            <translacao x='26.960' y='0' z='0'/> TERRA
            <grupo>
                <escala x='0.6378' y='0.6378' z='0.6378'/>
                <modelo ficheiro='planeta.3d'/>
            </grupo>
            <grupo>
                <translacao x='-0.8' y='0.30' z='0'/>  LUA
                <grupo>
                    <escala x='0.17374' y='0.17374' z='0.17374'/>
                    <modelo ficheiro='planeta.3d'/>
                </grupo>
            </grupo>
        </grupo>
        <grupo>
            <translacao x='34.794' y='0' z='0'/> MARTE
            <escala x='0.3397' y='0.3397' z='0.3397'/>
            <modelo ficheiro='planeta.3d'/>
        </grupo>
        <grupo>
            <translacao x='59.833' y='0' z='0'/> JUPITER
            <grupo>
                <escala x='7.1492' y='7.1492' z='7.1492'/>
                <modelo ficheiro='planeta.3d'/>
            </grupo>
            <grupo>
                <translacao x='8' y='1.30' z='2'/>  L_IO
                <grupo>
                    <escala x='0.17374' y='0.17374' z='0.17374'/>
                    <modelo ficheiro='planeta.3d'/>
                </grupo>
            </grupo>
            <grupo>
                <translacao x='8' y='-2.3' z='0'/>  L_EUROPA
                <grupo>
                    <escala x='0.15374' y='0.15374' z='0.15374'/>
                    <modelo ficheiro='planeta.3d'/>
                </grupo>
            </grupo>
            <grupo>
                <translacao x='8' y='2.3' z='-2'/>  L_GANIMED
                <grupo>
                    <escala x='0.32374' y='0.32374' z='0.32374'/>
                    <modelo ficheiro='planeta.3d'/>
                </grupo>
            </grupo>
            <grupo>
                <translacao x='-7' y='-5.30' z='2'/>  L_CALIST
                <grupo>
                    <escala x='0.25374' y='0.25374' z='0.25374'/>
                    <modelo ficheiro='planeta.3d'/>
                </grupo>
            </grupo>
        </grupo>
        <grupo>
            <translacao x='85.940' y='0' z='0'/> SATURNO
            <rotacao angulo='30' x='1' y='0' z='0'/>
            <grupo>
                <escala x='6.0268' y='6.0268' z='6.0268'/>
                <modelo ficheiro='planeta.3d'/>
            </grupo>
            <grupo>
                <translacao x='7.22' y='4.0' z='-1'/>  L_TITA
                <grupo>
                    <escala x='0.25374' y='0.25374' z='0.25374'/>
                    <modelo ficheiro='planeta.3d'/>
                </grupo>
            </grupo>
            <grupo>
                <grupo>
                    <escala x='6.5' y='6.5' z='8'/> ANEL CIMA
                    <modelo ficheiro='anel.3d'/>
                    <rotacao angulo='180' x='1' y='0' z='0'/> ANEL BAIXO
                    <modelo ficheiro='anel.3d'/>
                </grupo>
            </grupo>
        </grupo>
        <grupo>
            <translacao x='108.099' y='0' z='0'/> URANO
            <grupo>
                <escala x='5.1108' y='5.1108' z='5.1108'/>
                <modelo ficheiro='planeta.3d'/>
            </grupo>
            <grupo>
                <translacao x='7' y='-1' z='-1'/> L_UMBRIEL
                <grupo>
                    <escala x='0.10374' y='0.10374' z='0.10374'/>
                    <modelo ficheiro='planeta.3d'/>
                </grupo>
            </grupo>
            <grupo>
                <translacao x='6.5' y='-1' z='-1'/> L_TITANIA
                <grupo>
                    <escala x='0.10374' y='0.10374' z='0.10374'/>
                    <modelo ficheiro='planeta.3d'/>
                </grupo>
            </grupo>
            <grupo>
                <translacao x='6.7' y='-1' z='-1'/> L_OBERON
                <grupo>
                    <escala x='0.10374' y='0.10374' z='0.10374'/>
                    <modelo ficheiro='planeta.3d'/>
                </grupo>
            </grupo>
        </grupo>
        <grupo>
            <translacao x='124.352' y='0' z='0'/> NEPTUNO
            <grupo>
                <escala x='4.9538' y='4.9538' z='4.9538'/>
                <modelo ficheiro='planeta.3d'/>
            </grupo>
            <grupo>
                <translacao x='6' y='-1' z='-1'/> L_TRITAO
                <grupo>
                    <escala x='0.17374' y='0.17374' z='0.17374'/>
                    <modelo ficheiro='planeta.3d'/>
                </grupo>
            </grupo>
        </grupo>

    </cena>
</xml>