<?xml version="1.0" encoding="UTF-8" ?>
<xml>
    <camera tipo='explorador'>
        <zoom raio='180' avanco='5'/>
        <centro x='61' />
        <vista latitude='1' longitude='0.15'/>
    </camera>
    <cena>
        <grupo> <!--SOL-->
            <escala x='17.34375' y='17.34375' z='17.34375'/>
            <modelo ficheiro='planeta.vbo'/>
        </grupo>
        <grupo> <!--MERCURIO-->
            <translacao tempo='10.8797'>
                <ponto x='44.000000' y='0' z='0.000000'/>
                <ponto x='41.846489' y='0' z='13.596748'/>
                <ponto x='35.596748' y='0' z='25.862551'/>
                <ponto x='25.862551' y='0' z='35.596748'/>
                <ponto x='13.596748' y='0' z='41.846489'/>
                <ponto x='0.000000' y='0' z='44.000000'/>
                <ponto x='-13.596748' y='0' z='41.846489'/>
                <ponto x='-25.862551' y='0' z='35.596748'/>
                <ponto x='-35.596748' y='0' z='25.862551'/>
                <ponto x='-41.846489' y='0' z='13.596748'/>
                <ponto x='-44.000000' y='0' z='0.000000'/>
                <ponto x='-41.846489' y='0' z='-13.596748'/>
                <ponto x='-35.596748' y='0' z='-25.862551'/>
                <ponto x='-25.862551' y='0' z='-35.596748'/>
                <ponto x='-13.596748' y='0' z='-41.846489'/>
                <ponto x='-0.000000' y='0' z='-44.000000'/>
                <ponto x='13.596748' y='0' z='-41.846489'/>
                <ponto x='25.862551' y='0' z='-35.596748'/>
                <ponto x='35.596748' y='0' z='-25.862551'/>
                <ponto x='41.846489' y='0' z='-13.596748'/>
            </translacao>
            <escala x='0.3439' y='0.3439' z='0.3439'/>
            <rotacao nome='esfera' tempo='0.785' x='0' y='1' z='0'/>
            <modelo ficheiro='planeta.vbo'/>
        </grupo>
        <grupo> <!--VENUS-->
            <translacao tempo='20.47'>
                <ponto x='47.000000' y='0' z='0.000000'/>
                <ponto x='44.699657' y='0' z='14.523799'/>
                <ponto x='38.023800' y='0' z='27.625906'/>
                <ponto x='27.625906' y='0' z='38.023800'/>
                <ponto x='14.523799' y='0' z='44.699657'/>
                <ponto x='0.000000' y='0' z='47.000000'/>
                <ponto x='-14.523799' y='0' z='44.699657'/>
                <ponto x='-27.625906' y='0' z='38.023800'/>
                <ponto x='-38.023800' y='0' z='27.625906'/>
                <ponto x='-44.699657' y='0' z='14.523799'/>
                <ponto x='-47.000000' y='0' z='0.000000'/>
                <ponto x='-44.699657' y='0' z='-14.523799'/>
                <ponto x='-38.023800' y='0' z='-27.625906'/>
                <ponto x='-27.625906' y='0' z='-38.023800'/>
                <ponto x='-14.523799' y='0' z='-44.699657'/>
                <ponto x='-0.000000' y='0' z='-47.000000'/>
                <ponto x='14.523799' y='0' z='-44.699657'/>
                <ponto x='27.625906' y='0' z='-38.023800'/>
                <ponto x='38.023800' y='0' z='-27.625906'/>
                <ponto x='44.699657' y='0' z='-14.523799'/>
            </translacao>
            <escala x='0.639' y='0.639' z='0.639'/>
            <rotacao nome='esfera' tempo='2.4301' x='0' y='1' z='0'/>
            <modelo ficheiro='planeta.vbo'/>
        </grupo>
        <grupo> <!--TERRA-->
            <translacao tempo='30.65'>
                <ponto x='52.000000' y='0' z='0.000000'/>
                <ponto x='49.454941' y='0' z='16.068884'/>
                <ponto x='42.068886' y='0' z='30.564833'/>
                <ponto x='30.564833' y='0' z='42.068886'/>
                <ponto x='16.068884' y='0' z='49.454941'/>
                <ponto x='0.000000' y='0' z='52.000000'/>
                <ponto x='-16.068884' y='0' z='49.454941'/>
                <ponto x='-30.564833' y='0' z='42.068886'/>
                <ponto x='-42.068886' y='0' z='30.564833'/>
                <ponto x='-49.454941' y='0' z='16.068884'/>
                <ponto x='-52.000000' y='0' z='0.000000'/>
                <ponto x='-49.454941' y='0' z='-16.068884'/>
                <ponto x='-42.068886' y='0' z='-30.564833'/>
                <ponto x='-30.564833' y='0' z='-42.068886'/>
                <ponto x='-16.068884' y='0' z='-49.454941'/>
                <ponto x='-0.000000' y='0' z='-52.000000'/>
                <ponto x='16.068884' y='0' z='-49.454941'/>
                <ponto x='30.564833' y='0' z='-42.068886'/>
                <ponto x='42.068886' y='0' z='-30.564833'/>
                <ponto x='49.454941' y='0' z='-16.068884'/>
            </translacao>
            <escala x='0.939' y='0.939' z='0.939'/>
            <grupo>
                <rotacao nome='esfera' tempo='10' x='0' y='1' z='0'/>
                <modelo ficheiro='planeta.vbo'/>
            </grupo>
            <escala x='0.25' y='0.25' z='0.25'/>
            <grupo>
                <translacao tempo='30'> <!--LUA-->
                    <ponto x='15.00' y='0' z='0.00'/>
                    <ponto x='14.27' y='0' z='4.64'/>
                    <ponto x='12.14' y='0' z='8.82'/>
                    <ponto x='8.82' y='0' z='12.14'/>
                    <ponto x='4.64' y='0' z='14.27'/>
                    <ponto x='0.00' y='0' z='15.00'/>
                    <ponto x='-4.64' y='0' z='14.27'/>
                    <ponto x='-8.82' y='0' z='12.14'/>
                    <ponto x='-12.14' y='0' z='8.82'/>
                    <ponto x='-14.27' y='0' z='4.64'/>
                    <ponto x='-15.00' y='0' z='0.00'/>
                    <ponto x='-14.27' y='0' z='-4.64'/>
                    <ponto x='-12.14' y='0' z='-8.82'/>
                    <ponto x='-8.82' y='0' z='-12.14'/>
                    <ponto x='-4.64' y='0' z='-14.27'/>
                    <ponto x='-0.00' y='0' z='-15.00'/>
                    <ponto x='4.64' y='0' z='-14.27'/>
                    <ponto x='8.82' y='0' z='-12.14'/>
                    <ponto x='12.14' y='0' z='-8.82'/>
                    <ponto x='14.27' y='0' z='-4.64'/>
                </translacao>
                <escala x='0.239' y='0.239' z='0.239'/>
                <rotacao nome='esfera' tempo='10' x='0' y='1' z='0'/>
                <modelo ficheiro='planeta.vbo'/>
            </grupo>
        </grupo>
        <grupo> <!--MARTE-->
            <translacao tempo='40'>
                <ponto x='57.000000' y='0' z='0.000000'/>
                <ponto x='54.210224' y='0' z='17.613970'/>
                <ponto x='46.113968' y='0' z='33.503757'/>
                <ponto x='33.503757' y='0' z='46.113968'/>
                <ponto x='17.613970' y='0' z='54.210224'/>
                <ponto x='0.000000' y='0' z='57.000000'/>
                <ponto x='-17.613970' y='0' z='54.210224'/>
                <ponto x='-33.503757' y='0' z='46.113968'/>
                <ponto x='-46.113968' y='0' z='33.503757'/>
                <ponto x='-54.210224' y='0' z='17.613970'/>
                <ponto x='-57.000000' y='0' z='0.000000'/>
                <ponto x='-54.210224' y='0' z='-17.613970'/>
                <ponto x='-46.113968' y='0' z='-33.503757'/>
                <ponto x='-33.503757' y='0' z='-46.113968'/>
                <ponto x='-17.613970' y='0' z='-54.210224'/>
                <ponto x='-0.000000' y='0' z='-57.000000'/>
                <ponto x='17.613970' y='0' z='-54.210224'/>
                <ponto x='33.503757' y='0' z='-46.113968'/>
                <ponto x='46.113968' y='0' z='-33.503757'/>
                <ponto x='54.210224' y='0' z='-17.613970'/>
            </translacao>
            <escala x='0.739' y='0.739' z='0.739'/>
            <rotacao nome='esfera' tempo='10' x='0' y='1' z='0'/>
            <modelo ficheiro='planeta.vbo'/>
        </grupo>
        <grupo> <!--JUPITER-->
            <translacao tempo='53'>
                <ponto x='85.000000' y='0' z='0.000000'/>
                <ponto x='80.839806' y='0' z='26.266445'/>
                <ponto x='68.766449' y='0' z='49.961746'/>
                <ponto x='49.961746' y='0' z='68.766449'/>
                <ponto x='26.266445' y='0' z='80.839806'/>
                <ponto x='0.000000' y='0' z='85.000000'/>
                <ponto x='-26.266445' y='0' z='80.839806'/>
                <ponto x='-49.961746' y='0' z='68.766449'/>
                <ponto x='-68.766449' y='0' z='49.961746'/>
                <ponto x='-80.839806' y='0' z='26.266445'/>
                <ponto x='-85.000000' y='0' z='0.000000'/>
                <ponto x='-80.839806' y='0' z='-26.266445'/>
                <ponto x='-68.766449' y='0' z='-49.961746'/>
                <ponto x='-49.961746' y='0' z='-68.766449'/>
                <ponto x='-26.266445' y='0' z='-80.839806'/>
                <ponto x='-0.000000' y='0' z='-85.000000'/>
                <ponto x='26.266445' y='0' z='-80.839806'/>
                <ponto x='49.961746' y='0' z='-68.766449'/>
                <ponto x='68.766449' y='0' z='-49.961746'/>
                <ponto x='80.839806' y='0' z='-26.266445'/>
            </translacao>
            <escala x='7.5' y='7.5' z='7.5'/>
            <rotacao nome='esfera' tempo='41' x='0' y='1' z='0'/>
            <modelo ficheiro='planeta.vbo'/>
        </grupo>
        <grupo> <!--SATURNO-->
            <translacao tempo='107'>
                <ponto x='115.000000' y='0' z='0.000000'/>
                <ponto x='109.371506' y='0' z='35.536957'/>
                <ponto x='93.036957' y='0' z='67.595306'/>
                <ponto x='67.595306' y='0' z='93.036957'/>
                <ponto x='35.536957' y='0' z='109.371506'/>
                <ponto x='0.000000' y='0' z='115.000000'/>
                <ponto x='-35.536957' y='0' z='109.371506'/>
                <ponto x='-67.595306' y='0' z='93.036957'/>
                <ponto x='-93.036957' y='0' z='67.595306'/>
                <ponto x='-109.371506' y='0' z='35.536957'/>
                <ponto x='-115.000000' y='0' z='0.000000'/>
                <ponto x='-109.371506' y='0' z='-35.536957'/>
                <ponto x='-93.036957' y='0' z='-67.595306'/>
                <ponto x='-67.595306' y='0' z='-93.036957'/>
                <ponto x='-35.536957' y='0' z='-109.371506'/>
                <ponto x='-0.000001' y='0' z='-115.000000'/>
                <ponto x='35.536957' y='0' z='-109.371506'/>
                <ponto x='67.595306' y='0' z='-93.036957'/>
                <ponto x='93.036957' y='0' z='-67.595306'/>
                <ponto x='109.371506' y='0' z='-35.536957'/>
            </translacao>
            <escala x='13' y='13' z='13'/>
            <grupo>
                <rotacao  angulo='35' x='1' y='0' z='0'/> <!--ANEL DE SATURNO-->
                <modelo ficheiro='anel.3d'/>
                <rotacao  angulo='180' x='1' y='0' z='0'/> <!--ANEL DE SATURNO BAIXO-->
                <modelo ficheiro='anel.3d'/>
            </grupo>
            <escala x='0.055' y='0.055' z='0.055'/>
            <escala x='7.5' y='7.5' z='7.5'/>
            <rotacao nome='esfera' tempo='35' x='0' y='1' z='0'/>
            <modelo ficheiro='planeta.vbo'/>
            <escala x='0.11' y='0.11' z='0.11'/>
            <grupo>
                <translacao tempo='20'> <!--LUA DE SATURNO-->
                    <ponto x='20.00' y='0' z='0.00'/>
                    <ponto x='19.02' y='0' z='6.18'/>
                    <ponto x='16.18' y='0' z='11.76'/>
                    <ponto x='11.76' y='0' z='16.18'/>
                    <ponto x='6.18' y='0' z='19.02'/>
                    <ponto x='0.00' y='0' z='20.00'/>
                    <ponto x='-6.18' y='0' z='19.02'/>
                    <ponto x='-11.76' y='0' z='16.18'/>
                    <ponto x='-16.18' y='0' z='11.76'/>
                    <ponto x='-19.02' y='0' z='6.18'/>
                    <ponto x='-20.00' y='0' z='0.00'/>
                    <ponto x='-19.02' y='0' z='-6.18'/>
                    <ponto x='-16.18' y='0' z='-11.76'/>
                    <ponto x='-11.76' y='0' z='-16.18'/>
                    <ponto x='-6.18' y='0' z='-19.02'/>
                    <ponto x='-0.00' y='0' z='-20.00'/>
                    <ponto x='6.18' y='0' z='-19.02'/>
                    <ponto x='11.76' y='0' z='-16.18'/>
                    <ponto x='16.18' y='0' z='-11.76'/>
                    <ponto x='19.02' y='0' z='-6.18'/>
                </translacao>
                <escala x='0.139' y='0.139' z='0.139'/>
                <rotacao nome='esfera' tempo='30' x='0' y='1' z='0'/>
                <modelo ficheiro='planeta.vbo'/>
            </grupo>
        </grupo>
        <grupo> <!--URANO-->
            <translacao tempo='306.4'>
                <ponto x='151.000000' y='0' z='0.000000'/>
                <ponto x='143.609543' y='0' z='46.661568'/>
                <ponto x='122.161568' y='0' z='88.755569'/>
                <ponto x='88.755569' y='0' z='122.161568'/>
                <ponto x='46.661568' y='0' z='143.609543'/>
                <ponto x='0.000000' y='0' z='151.000000'/>
                <ponto x='-46.661568' y='0' z='143.609543'/>
                <ponto x='-88.755569' y='0' z='122.161568'/>
                <ponto x='-122.161568' y='0' z='88.755569'/>
                <ponto x='-143.609543' y='0' z='46.661568'/>
                <ponto x='-151.000000' y='0' z='0.000001'/>
                <ponto x='-143.609543' y='0' z='-46.661568'/>
                <ponto x='-122.161568' y='0' z='-88.755569'/>
                <ponto x='-88.755569' y='0' z='-122.161568'/>
                <ponto x='-46.661568' y='0' z='-143.609543'/>
                <ponto x='-0.000001' y='0' z='-151.000000'/>
                <ponto x='46.661568' y='0' z='-143.609543'/>
                <ponto x='88.755569' y='0' z='-122.161568'/>
                <ponto x='122.161568' y='0' z='-88.755569'/>
                <ponto x='143.609543' y='0' z='-46.661568'/>
            </translacao>
            <escala x='4.31' y='4.31' z='4.31'/>
            <grupo>
                <rotacao nome='esfera' tempo='38' x='0' y='1' z='0'/>
                <modelo ficheiro='planeta.vbo'/>
            </grupo>
            <escala x='0.12' y='0.12' z='0.12'/>
            <grupo>
                <translacao tempo='25'> <!--LUA DE URANO-->
                    <ponto x='14.00' y='0' z='0.00'/>
                    <ponto x='13.31' y='0' z='4.33'/>
                    <ponto x='11.33' y='0' z='8.23'/>
                    <ponto x='8.23' y='0' z='11.33'/>
                    <ponto x='4.33' y='0' z='13.31'/>
                    <ponto x='0.00' y='0' z='14.00'/>
                    <ponto x='-4.33' y='0' z='13.31'/>
                    <ponto x='-8.23' y='0' z='11.33'/>
                    <ponto x='-11.33' y='0' z='8.23'/>
                    <ponto x='-13.31' y='0' z='4.33'/>
                    <ponto x='-14.00' y='0' z='0.00'/>
                    <ponto x='-13.31' y='0' z='-4.33'/>
                    <ponto x='-11.33' y='0' z='-8.23'/>
                    <ponto x='-8.23' y='0' z='-11.33'/>
                    <ponto x='-4.33' y='0' z='-13.31'/>
                    <ponto x='-0.00' y='0' z='-14.00'/>
                    <ponto x='4.33' y='0' z='-13.31'/>
                    <ponto x='8.23' y='0' z='-11.33'/>
                    <ponto x='11.33' y='0' z='-8.23'/>
                    <ponto x='13.31' y='0' z='-4.33'/>
                </translacao>
                <escala x='0.239' y='0.239' z='0.239'/>
                <rotacao nome='esfera' tempo='30' x='0' y='1' z='0'/>
                <modelo ficheiro='planeta.vbo'/>
            </grupo>
        </grupo>
        <grupo> <!--NEPTUNO-->
            <translacao tempo='622.5'>
                <ponto x='169.000000' y='0' z='0.000000'/>
                <ponto x='160.728561' y='0' z='52.223873'/>
                <ponto x='136.723877' y='0' z='99.335709'/>
                <ponto x='99.335709' y='0' z='136.723877'/>
                <ponto x='52.223873' y='0' z='160.728561'/>
                <ponto x='0.000000' y='0' z='169.000000'/>
                <ponto x='-52.223873' y='0' z='160.728561'/>
                <ponto x='-99.335709' y='0' z='136.723877'/>
                <ponto x='-136.723877' y='0' z='99.335709'/>
                <ponto x='-160.728561' y='0' z='52.223873'/>
                <ponto x='-169.000000' y='0' z='0.000001'/>
                <ponto x='-160.728561' y='0' z='-52.223873'/>
                <ponto x='-136.723877' y='0' z='-99.335709'/>
                <ponto x='-99.335709' y='0' z='-136.723877'/>
                <ponto x='-52.223873' y='0' z='-160.728561'/>
                <ponto x='-0.000001' y='0' z='-169.000000'/>
                <ponto x='52.223873' y='0' z='-160.728561'/>
                <ponto x='99.335709' y='0' z='-136.723877'/>
                <ponto x='136.723877' y='0' z='-99.335709'/>
                <ponto x='160.728561' y='0' z='-52.223873'/>
            </translacao>
            <escala x='5.27' y='5.27' z='5.27'/>
            <rotacao nome='esfera' tempo='36' x='0' y='1' z='0'/>
            <modelo ficheiro='planeta.vbo'/>
        </grupo>
        <grupo> <!--COMETA-->
            <translacao tempo='10'>
                <ponto x='25' y='0' z='0'/>
                <ponto x='18.13' y='0' z='18.13'/>
                <ponto x='0' y='0' z='25'/>
                <ponto x='-18.13' y='0' z='18.13'/>
                <ponto x='-25' y='0' z='0'/>
                <ponto x='-25' y='0' z='-40'/>
                <ponto x='-25' y='0' z='-80'/>
                <ponto x='-25' y='0' z='-120'/>
                <ponto x='-25' y='0' z='-160'/>
                <ponto x='-25' y='0' z='-200'/>
                <ponto x='-25' y='0' z='-240'/>
                <ponto x='-18.13' y='0' z='-262'/>
                <ponto x='0' y='0' z='-280'/>
                <ponto x='18.13' y='0' z='-262'/>
                <ponto x='25' y='0' z='-240'/>
                <ponto x='25' y='0' z='-200'/>
                <ponto x='25' y='0' z='-160'/>
                <ponto x='25' y='0' z='-120'/>
                <ponto x='25' y='0' z='-80'/>
                <ponto x='25' y='0' z='-40'/>
            </translacao>
            <escala x='1' y='1' z='1'/>
            <modelo ficheiro='cometa.vbo'/>
        </grupo>
    </cena>
</xml>

